{
  "project_info": {
    "project_number": "685551586943",
    "project_id": "uas-ambw",
    "storage_bucket": "uas-ambw.appspot.com"
  },
  "client": [
    {
      "client_info": {
        "mobilesdk_app_id": "1:685551586943:android:2edc9f9ead5f382452b94a",
        "android_client_info": {
          "package_name": "com.example.c14190074"
        }
      },
      "oauth_client": [
        {
          "client_id": "685551586943-9a6v33utpil42urh8ekbg9hu5uu9mdg9.apps.googleusercontent.com",
          "client_type": 3
        }
      ],
      "api_key": [
        {
          "current_key": "AIzaSyC3XX7pFruA9jPr3g3U11R5wFKQaUD6tKw"
        }
      ],
      "services": {
        "appinvite_service": {
          "other_platform_oauth_client": [
            {
              "client_id": "685551586943-9a6v33utpil42urh8ekbg9hu5uu9mdg9.apps.googleusercontent.com",
              "client_type": 3
            }
          ]
        }
      }
    }
  ],
  "configuration_version": "1"
}